<!DOCTYPE mapper
    PUBLIC "-//mybatis.org//DTD Mapper 3.0//EN"
    "https://mybatis.org/dtd/mybatis-3-mapper.dtd">

<mapper namespace="item">
	<select id="getItem" resultType="hashMap">
		select * from item;
	</select>
	
	<select id="select_detail" parameterType="hashMap" resultType="hashMap">
		select * from item where id = #{id}
	</select>
	
	<select id="pselect" resultType="hashMap">
		select * from item limit #{offset} , #{limit}
	</select>
	
	<select id="getcount" resultType="int">
		select count(*) from item
	</select>

	<insert id="insert" useGeneratedKeys="true"	keyProperty="id" parameterType="hashMap">
		insert into item(item_name,f_id,price)
		values(#{item_name},#{f_id},#{price});
	</insert>
	
	<update id="modify" parameterType="hashMap" >
		update item set item_name = #{item_name }, f_id = #{f_id }, price = #{price } where id = #{id }
	</update>
	
	<delete id="delete" parameterType="hashMap">
		delete from item where id = #{id }
	</delete>

</mapper>    