<?xml version="1.0" encoding="UTF-8"?>
<beans:beans
	xmlns="http://www.springframework.org/schema/mvc"
	xmlns:xsi="http://www.w3.org/2001/XMLSchema-instance"
	xmlns:beans="http://www.springframework.org/schema/beans"
	xmlns:context="http://www.springframework.org/schema/context"
	xsi:schemaLocation="http://www.springframework.org/schema/mvc https://www.springframework.org/schema/mvc/spring-mvc.xsd
		http://www.springframework.org/schema/beans https://www.springframework.org/schema/beans/spring-beans.xsd
		http://www.springframework.org/schema/context https://www.springframework.org/schema/context/spring-context.xsd">

	<!-- DispatcherServlet Context: defines this servlet's request-processing 
		infrastructure -->

	<!-- Enables the Spring MVC @Controller programming model -->
	<annotation-driven />

	<!-- Handles HTTP GET requests for /resources/** by efficiently serving 
		up static resources in the ${webappRoot}/resources directory -->
	<resources mapping="/resources/**" location="/resources/" />

	<!-- Resolves views selected for rendering by @Controllers to .jsp resources 
		in the /WEB-INF/views directory -->
	<beans:bean
		class="org.springframework.web.servlet.view.InternalResourceViewResolver">
		<beans:property name="prefix" value="/WEB-INF/views/" />
		<beans:property name="suffix" value=".jsp" />
	</beans:bean>

	<!-- <beans:bean id="multipartResolver" class="org.springframework.web.multipart.commons.CommonsMultipartResolver"> -->
	<!-- <beans:property name="defaultEncoding" value="UTF-8"/> -->
	<!-- 1024 * 1024 * 10 bytes 10MB -->
	<!-- <beans:property name="maxUploadSize" value="104857560"/> -->
	<!-- 1024 * 1024 * 2 bytes 2MB -->
	<!-- <beans:property name="maxUploadSizePerFile" value="2097152"/> -->
	<!-- <beans:property name="uploadTempDir" value="file:/C:/upload/tmp"/> -->
	<!-- <beans:property name="maxInMemorySize" value="10485756"/> -->
	<!-- </beans:bean> -->

	<beans:bean id="multipartResolver" class="org.springframework.web.multipart.support.StandardServletMultipartResolver">
	</beans:bean>


	<context:component-scan
		base-package="org.zerock.controller" />
	<context:component-scan
		base-package="org.zerock.exception" />



</beans:beans>
